{"_default": {"1": {"name": "Parker", "starting_mu": 35.54398713531775, "starting_sigma": 8.333333333333334}}}