{"_default": {"1": {"name": "Parker", "starting_mu": 35.54398713531775, "starting_sigma": 8.333333333333334}, "2": {"name": "Nate", "starting_mu": 32.53292003202157, "starting_sigma": 8.333333333333334}, "3": {"name": "Andrew S.", "starting_mu": 34.35915243050739, "starting_sigma": 8.333333333333334}, "4": {"name": "Dilmer", "starting_mu": 30.269593373646476, "starting_sigma": 8.333333333333334}}}